com.rafsan.inventory.controller.product.AddController;com.rafsan.inventory.model.CategoryModel;15.0
com.rafsan.inventory.controller.supplier.EditController;com.rafsan.inventory.entity.Supplier;35.0
com.rafsan.inventory.controller.pos.PosController;com.rafsan.inventory.model.ProductModel;20.0
com.rafsan.inventory.controller.supplier.SupplierController;com.rafsan.inventory.model.SupplierModel;25.0
com.rafsan.inventory.controller.report.ReportController;com.rafsan.inventory.controller.report.ReportController;50.0
com.rafsan.inventory.controller.product.EditController;com.rafsan.inventory.model.CategoryModel;15.0
com.rafsan.inventory.model.CategoryModel;com.rafsan.inventory.dao.CategoryDao;100.0
com.rafsan.inventory.controller.supplier.EditController;com.rafsan.inventory.interfaces.SupplierInterface;100.0
com.rafsan.inventory.controller.employee.EditController;com.rafsan.inventory.entity.Employee;50.0
com.rafsan.inventory.controller.employee.EditController;com.rafsan.inventory.interfaces.EmployeeInterface;100.0
com.rafsan.inventory.controller.pos.InvoiceController;com.rafsan.inventory.model.EmployeeModel;20.0
com.rafsan.inventory.controller.product.ProductController;com.rafsan.inventory.controller.product.ProductController;50.0
com.rafsan.inventory.model.InvoiceModel;com.rafsan.inventory.dao.InvoiceDao;100.0
com.rafsan.inventory.controller.product.ProductController;com.rafsan.inventory.controller.product.EditController;10.0
com.rafsan.inventory.entity.Sale;com.rafsan.inventory.entity.Invoice;10.0
com.rafsan.inventory.controller.employee.AddController;com.rafsan.inventory.entity.Employee;5.0
com.rafsan.inventory.controller.category.CategoryController;com.rafsan.inventory.model.CategoryModel;25.0
com.rafsan.inventory.controller.admin.AdminController;com.rafsan.inventory.model.InvoiceModel;20.0
com.rafsan.inventory.interfaces.EmployeeInterface;com.rafsan.inventory.entity.Employee;10.0
com.rafsan.inventory.model.PurchaseModel;com.rafsan.inventory.entity.Purchase;40.0
com.rafsan.inventory.controller.category.CategoryController;com.rafsan.inventory.interfaces.CategoryInterface;100.0
com.rafsan.inventory.controller.employee.EmployeeController;com.rafsan.inventory.entity.Employee;80.0
com.rafsan.inventory.model.EmployeeModel;com.rafsan.inventory.dao.EmployeeDao;100.0
com.rafsan.inventory.controller.product.AddController;com.rafsan.inventory.entity.Product;5.0
com.rafsan.inventory.controller.admin.AdminController;com.rafsan.inventory.entity.Product;25.0
com.rafsan.inventory.model.EmployeeModel;com.rafsan.inventory.HibernateUtil;40.0
com.rafsan.inventory.controller.category.AddController;com.rafsan.inventory.model.CategoryModel;25.0
com.rafsan.inventory.controller.product.AddController;com.rafsan.inventory.model.SupplierModel;15.0
com.rafsan.inventory.interfaces.ProductInterface;com.rafsan.inventory.entity.Product;10.0
com.rafsan.inventory.controller.pos.InvoiceController;com.rafsan.inventory.entity.Payment;30.0
com.rafsan.inventory.entity.Product;com.rafsan.inventory.entity.Supplier;10.0
com.rafsan.inventory.model.PurchaseModel;com.rafsan.inventory.dao.PurchaseDao;100.0
com.rafsan.inventory.controller.pos.PosController;com.rafsan.inventory.entity.Item;65.0
com.rafsan.inventory.controller.employee.AddController;com.rafsan.inventory.interfaces.EmployeeInterface;100.0
com.rafsan.inventory.controller.supplier.EditController;com.rafsan.inventory.controller.supplier.EditController;20.0
com.rafsan.inventory.controller.purchase.AddController;com.rafsan.inventory.model.PurchaseModel;25.0
com.rafsan.inventory.controller.supplier.SupplierController;com.rafsan.inventory.interfaces.SupplierInterface;100.0
com.rafsan.inventory.controller.employee.AddController;com.rafsan.inventory.model.EmployeeModel;25.0
com.rafsan.inventory.controller.purchase.PurchaseController;com.rafsan.inventory.interfaces.PurchaseInterface;100.0
com.rafsan.inventory.controller.category.AddController;com.rafsan.inventory.interfaces.CategoryInterface;100.0
com.rafsan.inventory.controller.product.EditController;com.rafsan.inventory.model.SupplierModel;15.0
com.rafsan.inventory.model.SupplierModel;com.rafsan.inventory.entity.Supplier;30.0
com.rafsan.inventory.controller.purchase.AddController;com.rafsan.inventory.model.SupplierModel;15.0
com.rafsan.inventory.entity.Purchase;com.rafsan.inventory.entity.Supplier;10.0
com.rafsan.inventory.controller.pos.InvoiceController;com.rafsan.inventory.entity.Product;5.0
com.rafsan.inventory.controller.product.ProductController;com.rafsan.inventory.entity.Product;85.0
com.rafsan.inventory.model.SalesModel;com.rafsan.inventory.HibernateUtil;30.0
com.rafsan.inventory.controller.sales.SalesController;com.rafsan.inventory.controller.sales.SalesController;50.0
com.rafsan.inventory.controller.product.AddController;com.rafsan.inventory.interfaces.ProductInterface;100.0
com.rafsan.inventory.controller.product.AddController;com.rafsan.inventory.model.ProductModel;25.0
com.rafsan.inventory.controller.purchase.AddController;com.rafsan.inventory.interfaces.PurchaseInterface;100.0
com.rafsan.inventory.interfaces.SupplierInterface;com.rafsan.inventory.entity.Supplier;10.0
com.rafsan.inventory.controller.employee.AddController;com.rafsan.inventory.controller.employee.AddController;5.0
com.rafsan.inventory.controller.pos.InvoiceController;com.rafsan.inventory.entity.Sale;5.0
com.rafsan.inventory.controller.pos.PosController;com.rafsan.inventory.controller.pos.PosController;85.0
com.rafsan.inventory.model.SupplierModel;com.rafsan.inventory.HibernateUtil;30.0
com.rafsan.inventory.controller.product.EditController;com.rafsan.inventory.model.ProductModel;20.0
com.rafsan.inventory.entity.Purchase;com.rafsan.inventory.entity.Product;10.0
com.rafsan.inventory.model.ProductModel;com.rafsan.inventory.HibernateUtil;45.0
com.rafsan.inventory.MainApp;com.rafsan.inventory.HibernateUtil;10.0
com.rafsan.inventory.controller.report.ViewController;com.rafsan.inventory.entity.Invoice;55.0
com.rafsan.inventory.controller.employee.EmployeeController;com.rafsan.inventory.controller.employee.EditController;10.0
com.rafsan.inventory.model.PurchaseModel;com.rafsan.inventory.HibernateUtil;25.0
com.rafsan.inventory.controller.purchase.AddController;com.rafsan.inventory.model.ProductModel;20.0
com.rafsan.inventory.controller.admin.AdminController;com.rafsan.inventory.entity.Invoice;5.0
com.rafsan.inventory.controller.category.AddController;com.rafsan.inventory.controller.category.AddController;5.0
com.rafsan.inventory.controller.report.ReportController;com.rafsan.inventory.entity.Invoice;100.0
com.rafsan.inventory.controller.employee.EmployeeController;com.rafsan.inventory.model.EmployeeModel;25.0
com.rafsan.inventory.model.InvoiceModel;com.rafsan.inventory.HibernateUtil;20.0
com.rafsan.inventory.interfaces.ReportInterface;com.rafsan.inventory.entity.Invoice;10.0
com.rafsan.inventory.controller.product.AddController;com.rafsan.inventory.controller.product.AddController;5.0
com.rafsan.inventory.controller.purchase.AddController;com.rafsan.inventory.entity.Product;10.0
com.rafsan.inventory.controller.pos.InvoiceController;com.rafsan.inventory.model.ProductModel;25.0
com.rafsan.inventory.pdf.PrintInvoice;com.rafsan.inventory.pdf.PrintInvoice;10.0
com.rafsan.inventory.controller.product.EditController;com.rafsan.inventory.entity.Product;50.0
com.rafsan.inventory.interfaces.CategoryInterface;com.rafsan.inventory.entity.Category;10.0
com.rafsan.inventory.controller.login.LoginController;com.rafsan.inventory.model.EmployeeModel;25.0
com.rafsan.inventory.controller.category.CategoryController;com.rafsan.inventory.controller.category.CategoryController;50.0
com.rafsan.inventory.controller.category.EditController;com.rafsan.inventory.interfaces.CategoryInterface;100.0
com.rafsan.inventory.controller.category.EditController;com.rafsan.inventory.model.CategoryModel;20.0
com.rafsan.inventory.controller.pos.InvoiceController;com.rafsan.inventory.controller.pos.ConfirmController;10.0
com.rafsan.inventory.controller.report.ReportController;com.rafsan.inventory.model.InvoiceModel;20.0
com.rafsan.inventory.controller.purchase.PurchaseController;com.rafsan.inventory.controller.purchase.PurchaseController;50.0
com.rafsan.inventory.entity.Invoice;com.rafsan.inventory.entity.Employee;10.0
com.rafsan.inventory.controller.report.ReportController;com.rafsan.inventory.interfaces.ReportInterface;100.0
com.rafsan.inventory.controller.product.ProductController;com.rafsan.inventory.model.ProductModel;25.0
com.rafsan.inventory.entity.Sale;com.rafsan.inventory.entity.Product;10.0
com.rafsan.inventory.controller.product.ProductController;com.rafsan.inventory.entity.Sale;5.0
com.rafsan.inventory.controller.sales.SalesController;com.rafsan.inventory.model.SalesModel;20.0
com.rafsan.inventory.controller.product.EditController;com.rafsan.inventory.entity.Supplier;5.0
com.rafsan.inventory.interfaces.SaleInterface;com.rafsan.inventory.entity.Sale;10.0
com.rafsan.inventory.controller.supplier.AddController;com.rafsan.inventory.controller.supplier.AddController;5.0
com.rafsan.inventory.entity.Product;com.rafsan.inventory.entity.Category;10.0
com.rafsan.inventory.controller.pos.ConfirmController;com.rafsan.inventory.pdf.PrintInvoice;10.0
com.rafsan.inventory.controller.supplier.SupplierController;com.rafsan.inventory.controller.supplier.SupplierController;50.0
com.rafsan.inventory.controller.supplier.AddController;com.rafsan.inventory.interfaces.SupplierInterface;100.0
com.rafsan.inventory.controller.category.CategoryController;com.rafsan.inventory.controller.category.EditController;10.0
com.rafsan.inventory.model.ProductModel;com.rafsan.inventory.entity.Product;70.0
com.rafsan.inventory.controller.pos.ConfirmController;com.rafsan.inventory.entity.Item;30.0
com.rafsan.inventory.model.CategoryModel;com.rafsan.inventory.HibernateUtil;30.0
com.rafsan.inventory.controller.category.AddController;com.rafsan.inventory.entity.Category;5.0
com.rafsan.inventory.controller.product.EditController;com.rafsan.inventory.controller.product.EditController;20.0
com.rafsan.inventory.controller.supplier.SupplierController;com.rafsan.inventory.entity.Supplier;50.0
com.rafsan.inventory.controller.purchase.PurchaseController;com.rafsan.inventory.model.PurchaseModel;20.0
com.rafsan.inventory.controller.login.LoginController;com.rafsan.inventory.controller.login.LoginController;35.0
com.rafsan.inventory.controller.supplier.AddController;com.rafsan.inventory.entity.Supplier;5.0
com.rafsan.inventory.controller.category.EditController;com.rafsan.inventory.entity.Category;30.0
com.rafsan.inventory.controller.category.CategoryController;com.rafsan.inventory.entity.Category;40.0
com.rafsan.inventory.controller.pos.InvoiceController;com.rafsan.inventory.controller.pos.InvoiceController;5.0
com.rafsan.inventory.model.SalesModel;com.rafsan.inventory.entity.Sale;50.0
com.rafsan.inventory.controller.pos.PosController;com.rafsan.inventory.entity.Product;35.0
com.rafsan.inventory.controller.supplier.AddController;com.rafsan.inventory.model.SupplierModel;25.0
com.rafsan.inventory.controller.category.EditController;com.rafsan.inventory.controller.category.EditController;20.0
com.rafsan.inventory.controller.product.EditController;com.rafsan.inventory.interfaces.ProductInterface;100.0
com.rafsan.inventory.controller.pos.InvoiceController;com.rafsan.inventory.entity.Invoice;5.0
com.rafsan.inventory.controller.employee.EmployeeController;com.rafsan.inventory.interfaces.EmployeeInterface;100.0
com.rafsan.inventory.controller.report.ViewController;com.rafsan.inventory.entity.Employee;5.0
com.rafsan.inventory.model.SupplierModel;com.rafsan.inventory.dao.SupplierDao;100.0
com.rafsan.inventory.controller.report.ReportController;com.rafsan.inventory.controller.report.ViewController;10.0
com.rafsan.inventory.controller.admin.AdminController;com.rafsan.inventory.model.ProductModel;25.0
com.rafsan.inventory.interfaces.PurchaseInterface;com.rafsan.inventory.entity.Purchase;10.0
com.rafsan.inventory.controller.product.EditController;com.rafsan.inventory.entity.Category;5.0
com.rafsan.inventory.controller.employee.EditController;com.rafsan.inventory.controller.employee.EditController;20.0
com.rafsan.inventory.controller.supplier.EditController;com.rafsan.inventory.model.SupplierModel;20.0
com.rafsan.inventory.controller.product.ProductController;com.rafsan.inventory.interfaces.ProductInterface;100.0
com.rafsan.inventory.model.ProductModel;com.rafsan.inventory.dao.ProductDao;100.0
com.rafsan.inventory.controller.pos.InvoiceController;com.rafsan.inventory.model.InvoiceModel;25.0
com.rafsan.inventory.model.EmployeeModel;com.rafsan.inventory.entity.Employee;70.0
com.rafsan.inventory.controller.supplier.SupplierController;com.rafsan.inventory.controller.supplier.EditController;10.0
com.rafsan.inventory.controller.employee.EmployeeController;com.rafsan.inventory.controller.employee.EmployeeController;50.0
com.rafsan.inventory.controller.product.ProductController;com.rafsan.inventory.model.SalesModel;15.0
com.rafsan.inventory.controller.pos.PosController;com.rafsan.inventory.interfaces.ProductInterface;100.0
com.rafsan.inventory.model.SalesModel;com.rafsan.inventory.dao.SaleDao;100.0
com.rafsan.inventory.controller.sales.SalesController;com.rafsan.inventory.interfaces.SaleInterface;100.0
com.rafsan.inventory.model.CategoryModel;com.rafsan.inventory.entity.Category;20.0
com.rafsan.inventory.controller.purchase.AddController;com.rafsan.inventory.entity.Purchase;5.0
com.rafsan.inventory.controller.pos.PosController;com.rafsan.inventory.controller.pos.InvoiceController;10.0
com.rafsan.inventory.controller.sales.SalesController;com.rafsan.inventory.entity.Sale;70.0
com.rafsan.inventory.controller.pos.InvoiceController;com.rafsan.inventory.entity.Item;30.0
com.rafsan.inventory.controller.report.ViewController;com.rafsan.inventory.controller.report.ViewController;5.0
com.rafsan.inventory.controller.purchase.AddController;com.rafsan.inventory.controller.purchase.AddController;5.0
com.rafsan.inventory.controller.pos.InvoiceController;com.rafsan.inventory.model.SalesModel;20.0
com.rafsan.inventory.controller.admin.AdminController;com.rafsan.inventory.controller.admin.AdminController;55.0
com.rafsan.inventory.pdf.PrintInvoice;com.rafsan.inventory.entity.Item;30.0
com.rafsan.inventory.controller.employee.EditController;com.rafsan.inventory.model.EmployeeModel;20.0
com.rafsan.inventory.controller.pos.PosController;com.rafsan.inventory.entity.Payment;5.0
com.rafsan.inventory.controller.purchase.PurchaseController;com.rafsan.inventory.entity.Purchase;80.0
